<?xml version="1.0"?>
<pagescount>
	<html_total>16</html_total>
	<html_done>16</html_done>
	<images>40</images>
	<script>7</script>
	<css>1</css>
	<pdf/>
	<documents/>
	<excel/>
	<powerpoint/>
	<flash/>
	<audios/>
	<videos/>
	<xml/>
	<json>1</json>
	<txt/>
	<autocad/>
	<fonts>15</fonts>
	<scraping_reload>1</scraping_reload>
	<is_pretty_url>true</is_pretty_url>
	<is_ebn>false</is_ebn>
	<email>dvinoalzwara@gmail.com</email>
	<theme_name>WmdTheme185888</theme_name>
	<server_url_front_page>https://www.waybackmachinedownloader.com/scraping/files/demo/cvmaker.co.id_dvinoalzwara_gmail.com_lep2iuup3l/</server_url_front_page>
	<no_www_url>cvmaker.co.id</no_www_url>
	<hosted_domain/>
	<original_archive_url>https://web.archive.org/web/20180330050348/http://cvmaker.co.id/</original_archive_url>
	<final_archive_url>https://web.archive.org/web/20210221055000/https://www.cvmaker.co.id/</final_archive_url>
	<front_page_code_date>20210221055000</front_page_code_date>
	<total_urls_from_api/>
	<max_reached_live>false</max_reached_live>
	<scrape_other_captures>false</scrape_other_captures>
	<total_size>9052</total_size>
<json_from_script>13</json_from_script></pagescount>
